policy,steps,total_reward,final_muscle,final_strength,avg_fatigue,overtrain_days,score,llm_failures
random,84,472.8137,94.1900,76.5200,0.9720,0,0.883800,0
fixed_5_5_5,84,420.0000,92.0000,75.2000,0.0000,0,0.840000,0
heuristic,84,584.0000,100.0000,100.0000,0.0000,0,1.000000,0
